feature,importance
distance_miles,0.5420925777623223
transit_time_hours,0.45598833925016297
weight_lbs,0.0009619464802451424
volume_cuft,0.0009571365072694582
