feature,importance
distance_miles,0.5004183736607538
transit_time_hours,0.49757017225315314
volume_cuft,0.0006639544960577877
density,0.0005836062538942524
load_distance,0.00037638777661048485
weight_lbs,0.0003754266755374096
cost_per_hour_proxy,1.2078883993251789e-05
